niter,ncall,logz,logzerr,h
6242,0,-9.031348739186813,0.09136764779737015,4.274200096780431
